Workbook

Sheet ダッシュボード
A1: ガラスシューティング 成長曲線ダッシュボード | N1: Stage | O1: 最大耐久力 | P1: 破壊靭性 | Q1: 当たり判定 | R1: 移動速度 | S1: 回収範囲 | T1: 環境・重力
N2: 1 | O2: =パラメータ!$B$28*(1+パラメータ!$C$28)^(パラメータ!$D$28+INT((N2-1)/パラメータ!$E$28)) -> 100 | P2: =パラメータ!$B$29*(1+パラメータ!$C$29)^(パラメータ!$D$29+INT((N2-1)/パラメータ!$E$29)) -> 1 | Q2: =MAX(0.4,パラメータ!$B$30*(1+パラメータ!$C$30)^(パラメータ!$D$30+INT((N2-1)/パラメータ!$E$30))) -> 1 | R2: =パラメータ!$B$31*(1+パラメータ!$C$31)^(パラメータ!$D$31+INT((N2-1)/パラメータ!$E$31)) -> 5 | S2: =パラメータ!$B$32*(1+パラメータ!$C$32)^(パラメータ!$D$32+INT((N2-1)/パラメータ!$E$32)) -> 2 | T2: =パラメータ!$B$33*(1+パラメータ!$C$33)^(パラメータ!$D$33+INT((N2-1)/パラメータ!$E$33)) -> 1
A3: 対象ステージ | B3: 5 | D3: 黄色セルでステージを切替。5の倍数はボス（一般外殻＋回復コア）です。 | N3: 2 | O3: =パラメータ!$B$28*(1+パラメータ!$C$28)^(パラメータ!$D$28+INT((N3-1)/パラメータ!$E$28)) -> 100 | P3: =パラメータ!$B$29*(1+パラメータ!$C$29)^(パラメータ!$D$29+INT((N3-1)/パラメータ!$E$29)) -> 1 | Q3: =MAX(0.4,パラメータ!$B$30*(1+パラメータ!$C$30)^(パラメータ!$D$30+INT((N3-1)/パラメータ!$E$30))) -> 1 | R3: =パラメータ!$B$31*(1+パラメータ!$C$31)^(パラメータ!$D$31+INT((N3-1)/パラメータ!$E$31)) -> 5 | S3: =パラメータ!$B$32*(1+パラメータ!$C$32)^(パラメータ!$D$32+INT((N3-1)/パラメータ!$E$32)) -> 2 | T3: =パラメータ!$B$33*(1+パラメータ!$C$33)^(パラメータ!$D$33+INT((N3-1)/パラメータ!$E$33)) -> 1
N4: 3 | O4: =パラメータ!$B$28*(1+パラメータ!$C$28)^(パラメータ!$D$28+INT((N4-1)/パラメータ!$E$28)) -> 100 | P4: =パラメータ!$B$29*(1+パラメータ!$C$29)^(パラメータ!$D$29+INT((N4-1)/パラメータ!$E$29)) -> 1 | Q4: =MAX(0.4,パラメータ!$B$30*(1+パラメータ!$C$30)^(パラメータ!$D$30+INT((N4-1)/パラメータ!$E$30))) -> 1 | R4: =パラメータ!$B$31*(1+パラメータ!$C$31)^(パラメータ!$D$31+INT((N4-1)/パラメータ!$E$31)) -> 5 | S4: =パラメータ!$B$32*(1+パラメータ!$C$32)^(パラメータ!$D$32+INT((N4-1)/パラメータ!$E$32)) -> 2 | T4: =パラメータ!$B$33*(1+パラメータ!$C$33)^(パラメータ!$D$33+INT((N4-1)/パラメータ!$E$33)) -> 1
A5: 種別 | D5: 衝撃エネルギー/発 | G5: 敵防御力 | J5: 継続判定 | N5: 4 | O5: =パラメータ!$B$28*(1+パラメータ!$C$28)^(パラメータ!$D$28+INT((N5-1)/パラメータ!$E$28)) -> 108 | P5: =パラメータ!$B$29*(1+パラメータ!$C$29)^(パラメータ!$D$29+INT((N5-1)/パラメータ!$E$29)) -> 1 | Q5: =MAX(0.4,パラメータ!$B$30*(1+パラメータ!$C$30)^(パラメータ!$D$30+INT((N5-1)/パラメータ!$E$30))) -> 1 | R5: =パラメータ!$B$31*(1+パラメータ!$C$31)^(パラメータ!$D$31+INT((N5-1)/パラメータ!$E$31)) -> 5.2 | S5: =パラメータ!$B$32*(1+パラメータ!$C$32)^(パラメータ!$D$32+INT((N5-1)/パラメータ!$E$32)) -> 2.16 | T5: =パラメータ!$B$33*(1+パラメータ!$C$33)^(パラメータ!$D$33+INT((N5-1)/パラメータ!$E$33)) -> 1
A6: =INDEX(ステージ曲線!$B$4:$B$53,$B$3) -> ボス | D6: =INDEX(ステージ曲線!$F$4:$F$53,$B$3) -> 43.41173 | G6: =INDEX(ステージ曲線!$L$4:$L$53,$B$3) -> 10.863836 | J6: =INDEX(ステージ曲線!$U$4:$U$53,$B$3) -> 継続可能 | N6: 5 | O6: =パラメータ!$B$28*(1+パラメータ!$C$28)^(パラメータ!$D$28+INT((N6-1)/パラメータ!$E$28)) -> 108 | P6: =パラメータ!$B$29*(1+パラメータ!$C$29)^(パラメータ!$D$29+INT((N6-1)/パラメータ!$E$29)) -> 1.1 | Q6: =MAX(0.4,パラメータ!$B$30*(1+パラメータ!$C$30)^(パラメータ!$D$30+INT((N6-1)/パラメータ!$E$30))) -> 1 | R6: =パラメータ!$B$31*(1+パラメータ!$C$31)^(パラメータ!$D$31+INT((N6-1)/パラメータ!$E$31)) -> 5.2 | S6: =パラメータ!$B$32*(1+パラメータ!$C$32)^(パラメータ!$D$32+INT((N6-1)/パラメータ!$E$32)) -> 2.16 | T6: =パラメータ!$B$33*(1+パラメータ!$C$33)^(パラメータ!$D$33+INT((N6-1)/パラメータ!$E$33)) -> 1.05
N7: 6 | O7: =パラメータ!$B$28*(1+パラメータ!$C$28)^(パラメータ!$D$28+INT((N7-1)/パラメータ!$E$28)) -> 108 | P7: =パラメータ!$B$29*(1+パラメータ!$C$29)^(パラメータ!$D$29+INT((N7-1)/パラメータ!$E$29)) -> 1.1 | Q7: =MAX(0.4,パラメータ!$B$30*(1+パラメータ!$C$30)^(パラメータ!$D$30+INT((N7-1)/パラメータ!$E$30))) -> 0.97 | R7: =パラメータ!$B$31*(1+パラメータ!$C$31)^(パラメータ!$D$31+INT((N7-1)/パラメータ!$E$31)) -> 5.2 | S7: =パラメータ!$B$32*(1+パラメータ!$C$32)^(パラメータ!$D$32+INT((N7-1)/パラメータ!$E$32)) -> 2.16 | T7: =パラメータ!$B$33*(1+パラメータ!$C$33)^(パラメータ!$D$33+INT((N7-1)/パラメータ!$E$33)) -> 1.05
N8: 7 | O8: =パラメータ!$B$28*(1+パラメータ!$C$28)^(パラメータ!$D$28+INT((N8-1)/パラメータ!$E$28)) -> 116.64 | P8: =パラメータ!$B$29*(1+パラメータ!$C$29)^(パラメータ!$D$29+INT((N8-1)/パラメータ!$E$29)) -> 1.1 | Q8: =MAX(0.4,パラメータ!$B$30*(1+パラメータ!$C$30)^(パラメータ!$D$30+INT((N8-1)/パラメータ!$E$30))) -> 0.97 | R8: =パラメータ!$B$31*(1+パラメータ!$C$31)^(パラメータ!$D$31+INT((N8-1)/パラメータ!$E$31)) -> 5.408 | S8: =パラメータ!$B$32*(1+パラメータ!$C$32)^(パラメータ!$D$32+INT((N8-1)/パラメータ!$E$32)) -> 2.3328 | T8: =パラメータ!$B$33*(1+パラメータ!$C$33)^(パラメータ!$D$33+INT((N8-1)/パラメータ!$E$33)) -> 1.05
N9: 8 | O9: =パラメータ!$B$28*(1+パラメータ!$C$28)^(パラメータ!$D$28+INT((N9-1)/パラメータ!$E$28)) -> 116.64 | P9: =パラメータ!$B$29*(1+パラメータ!$C$29)^(パラメータ!$D$29+INT((N9-1)/パラメータ!$E$29)) -> 1.1 | Q9: =MAX(0.4,パラメータ!$B$30*(1+パラメータ!$C$30)^(パラメータ!$D$30+INT((N9-1)/パラメータ!$E$30))) -> 0.97 | R9: =パラメータ!$B$31*(1+パラメータ!$C$31)^(パラメータ!$D$31+INT((N9-1)/パラメータ!$E$31)) -> 5.408 | S9: =パラメータ!$B$32*(1+パラメータ!$C$32)^(パラメータ!$D$32+INT((N9-1)/パラメータ!$E$32)) -> 2.3328 | T9: =パラメータ!$B$33*(1+パラメータ!$C$33)^(パラメータ!$D$33+INT((N9-1)/パラメータ!$E$33)) -> 1.05
A10: 推定破砕秒 | D10: 推定必要弾数 | G10: 亀裂の最大の大きさ | J10: 登場ガラス最大面積 | N10: 9 | O10: =パラメータ!$B$28*(1+パラメータ!$C$28)^(パラメータ!$D$28+INT((N10-1)/パラメータ!$E$28)) -> 116.64 | P10: =パラメータ!$B$29*(1+パラメータ!$C$29)^(パラメータ!$D$29+INT((N10-1)/パラメータ!$E$29)) -> 1.21 | Q10: =MAX(0.4,パラメータ!$B$30*(1+パラメータ!$C$30)^(パラメータ!$D$30+INT((N10-1)/パラメータ!$E$30))) -> 0.97 | R10: =パラメータ!$B$31*(1+パラメータ!$C$31)^(パラメータ!$D$31+INT((N10-1)/パラメータ!$E$31)) -> 5.408 | S10: =パラメータ!$B$32*(1+パラメータ!$C$32)^(パラメータ!$D$32+INT((N10-1)/パラメータ!$E$32)) -> 2.3328 | T10: =パラメータ!$B$33*(1+パラメータ!$C$33)^(パラメータ!$D$33+INT((N10-1)/パラメータ!$E$33)) -> 1.1025
A11: =INDEX(ステージ曲線!$Q$4:$Q$53,$B$3) -> 1.6035765 | D11: =INDEX(ステージ曲線!$R$4:$R$53,$B$3) -> 7 | G11: =INDEX(ステージ曲線!$S$4:$S$53,$B$3) -> 1.2 | J11: =INDEX(ステージ曲線!$J$4:$J$53,$B$3) -> 27 | N11: 10 | O11: =パラメータ!$B$28*(1+パラメータ!$C$28)^(パラメータ!$D$28+INT((N11-1)/パラメータ!$E$28)) -> 125.9712 | P11: =パラメータ!$B$29*(1+パラメータ!$C$29)^(パラメータ!$D$29+INT((N11-1)/パラメータ!$E$29)) -> 1.21 | Q11: =MAX(0.4,パラメータ!$B$30*(1+パラメータ!$C$30)^(パラメータ!$D$30+INT((N11-1)/パラメータ!$E$30))) -> 0.97 | R11: =パラメータ!$B$31*(1+パラメータ!$C$31)^(パラメータ!$D$31+INT((N11-1)/パラメータ!$E$31)) -> 5.62432 | S11: =パラメータ!$B$32*(1+パラメータ!$C$32)^(パラメータ!$D$32+INT((N11-1)/パラメータ!$E$32)) -> 2.519424 | T11: =パラメータ!$B$33*(1+パラメータ!$C$33)^(パラメータ!$D$33+INT((N11-1)/パラメータ!$E$33)) -> 1.1025
N12: 11 | O12: =パラメータ!$B$28*(1+パラメータ!$C$28)^(パラメータ!$D$28+INT((N12-1)/パラメータ!$E$28)) -> 125.9712 | P12: =パラメータ!$B$29*(1+パラメータ!$C$29)^(パラメータ!$D$29+INT((N12-1)/パラメータ!$E$29)) -> 1.21 | Q12: =MAX(0.4,パラメータ!$B$30*(1+パラメータ!$C$30)^(パラメータ!$D$30+INT((N12-1)/パラメータ!$E$30))) -> 0.9409 | R12: =パラメータ!$B$31*(1+パラメータ!$C$31)^(パラメータ!$D$31+INT((N12-1)/パラメータ!$E$31)) -> 5.62432 | S12: =パラメータ!$B$32*(1+パラメータ!$C$32)^(パラメータ!$D$32+INT((N12-1)/パラメータ!$E$32)) -> 2.519424 | T12: =パラメータ!$B$33*(1+パラメータ!$C$33)^(パラメータ!$D$33+INT((N12-1)/パラメータ!$E$33)) -> 1.1025
N13: 12 | O13: =パラメータ!$B$28*(1+パラメータ!$C$28)^(パラメータ!$D$28+INT((N13-1)/パラメータ!$E$28)) -> 125.9712 | P13: =パラメータ!$B$29*(1+パラメータ!$C$29)^(パラメータ!$D$29+INT((N13-1)/パラメータ!$E$29)) -> 1.21 | Q13: =MAX(0.4,パラメータ!$B$30*(1+パラメータ!$C$30)^(パラメータ!$D$30+INT((N13-1)/パラメータ!$E$30))) -> 0.9409 | R13: =パラメータ!$B$31*(1+パラメータ!$C$31)^(パラメータ!$D$31+INT((N13-1)/パラメータ!$E$31)) -> 5.62432 | S13: =パラメータ!$B$32*(1+パラメータ!$C$32)^(パラメータ!$D$32+INT((N13-1)/パラメータ!$E$32)) -> 2.519424 | T13: =パラメータ!$B$33*(1+パラメータ!$C$33)^(パラメータ!$D$33+INT((N13-1)/パラメータ!$E$33)) -> 1.1025
N14: 13 | O14: =パラメータ!$B$28*(1+パラメータ!$C$28)^(パラメータ!$D$28+INT((N14-1)/パラメータ!$E$28)) -> 136.0489 | P14: =パラメータ!$B$29*(1+パラメータ!$C$29)^(パラメータ!$D$29+INT((N14-1)/パラメータ!$E$29)) -> 1.331 | Q14: =MAX(0.4,パラメータ!$B$30*(1+パラメータ!$C$30)^(パラメータ!$D$30+INT((N14-1)/パラメータ!$E$30))) -> 0.9409 | R14: =パラメータ!$B$31*(1+パラメータ!$C$31)^(パラメータ!$D$31+INT((N14-1)/パラメータ!$E$31)) -> 5.8492928 | S14: =パラメータ!$B$32*(1+パラメータ!$C$32)^(パラメータ!$D$32+INT((N14-1)/パラメータ!$E$32)) -> 2.7209779 | T14: =パラメータ!$B$33*(1+パラメータ!$C$33)^(パラメータ!$D$33+INT((N14-1)/パラメータ!$E$33)) -> 1.157625
N15: 14 | O15: =パラメータ!$B$28*(1+パラメータ!$C$28)^(パラメータ!$D$28+INT((N15-1)/パラメータ!$E$28)) -> 136.0489 | P15: =パラメータ!$B$29*(1+パラメータ!$C$29)^(パラメータ!$D$29+INT((N15-1)/パラメータ!$E$29)) -> 1.331 | Q15: =MAX(0.4,パラメータ!$B$30*(1+パラメータ!$C$30)^(パラメータ!$D$30+INT((N15-1)/パラメータ!$E$30))) -> 0.9409 | R15: =パラメータ!$B$31*(1+パラメータ!$C$31)^(パラメータ!$D$31+INT((N15-1)/パラメータ!$E$31)) -> 5.8492928 | S15: =パラメータ!$B$32*(1+パラメータ!$C$32)^(パラメータ!$D$32+INT((N15-1)/パラメータ!$E$32)) -> 2.7209779 | T15: =パラメータ!$B$33*(1+パラメータ!$C$33)^(パラメータ!$D$33+INT((N15-1)/パラメータ!$E$33)) -> 1.157625
N16: 15 | O16: =パラメータ!$B$28*(1+パラメータ!$C$28)^(パラメータ!$D$28+INT((N16-1)/パラメータ!$E$28)) -> 136.0489 | P16: =パラメータ!$B$29*(1+パラメータ!$C$29)^(パラメータ!$D$29+INT((N16-1)/パラメータ!$E$29)) -> 1.331 | Q16: =MAX(0.4,パラメータ!$B$30*(1+パラメータ!$C$30)^(パラメータ!$D$30+INT((N16-1)/パラメータ!$E$30))) -> 0.9409 | R16: =パラメータ!$B$31*(1+パラメータ!$C$31)^(パラメータ!$D$31+INT((N16-1)/パラメータ!$E$31)) -> 5.8492928 | S16: =パラメータ!$B$32*(1+パラメータ!$C$32)^(パラメータ!$D$32+INT((N16-1)/パラメータ!$E$32)) -> 2.7209779 | T16: =パラメータ!$B$33*(1+パラメータ!$C$33)^(パラメータ!$D$33+INT((N16-1)/パラメータ!$E$33)) -> 1.157625
N17: 16 | O17: =パラメータ!$B$28*(1+パラメータ!$C$28)^(パラメータ!$D$28+INT((N17-1)/パラメータ!$E$28)) -> 146.93281 | P17: =パラメータ!$B$29*(1+パラメータ!$C$29)^(パラメータ!$D$29+INT((N17-1)/パラメータ!$E$29)) -> 1.331 | Q17: =MAX(0.4,パラメータ!$B$30*(1+パラメータ!$C$30)^(パラメータ!$D$30+INT((N17-1)/パラメータ!$E$30))) -> 0.912673 | R17: =パラメータ!$B$31*(1+パラメータ!$C$31)^(パラメータ!$D$31+INT((N17-1)/パラメータ!$E$31)) -> 6.0832645 | S17: =パラメータ!$B$32*(1+パラメータ!$C$32)^(パラメータ!$D$32+INT((N17-1)/パラメータ!$E$32)) -> 2.9386562 | T17: =パラメータ!$B$33*(1+パラメータ!$C$33)^(パラメータ!$D$33+INT((N17-1)/パラメータ!$E$33)) -> 1.157625
N18: 17 | O18: =パラメータ!$B$28*(1+パラメータ!$C$28)^(パラメータ!$D$28+INT((N18-1)/パラメータ!$E$28)) -> 146.93281 | P18: =パラメータ!$B$29*(1+パラメータ!$C$29)^(パラメータ!$D$29+INT((N18-1)/パラメータ!$E$29)) -> 1.4641 | Q18: =MAX(0.4,パラメータ!$B$30*(1+パラメータ!$C$30)^(パラメータ!$D$30+INT((N18-1)/パラメータ!$E$30))) -> 0.912673 | R18: =パラメータ!$B$31*(1+パラメータ!$C$31)^(パラメータ!$D$31+INT((N18-1)/パラメータ!$E$31)) -> 6.0832645 | S18: =パラメータ!$B$32*(1+パラメータ!$C$32)^(パラメータ!$D$32+INT((N18-1)/パラメータ!$E$32)) -> 2.9386562 | T18: =パラメータ!$B$33*(1+パラメータ!$C$33)^(パラメータ!$D$33+INT((N18-1)/パラメータ!$E$33)) -> 1.2155063
N19: 18 | O19: =パラメータ!$B$28*(1+パラメータ!$C$28)^(パラメータ!$D$28+INT((N19-1)/パラメータ!$E$28)) -> 146.93281 | P19: =パラメータ!$B$29*(1+パラメータ!$C$29)^(パラメータ!$D$29+INT((N19-1)/パラメータ!$E$29)) -> 1.4641 | Q19: =MAX(0.4,パラメータ!$B$30*(1+パラメータ!$C$30)^(パラメータ!$D$30+INT((N19-1)/パラメータ!$E$30))) -> 0.912673 | R19: =パラメータ!$B$31*(1+パラメータ!$C$31)^(パラメータ!$D$31+INT((N19-1)/パラメータ!$E$31)) -> 6.0832645 | S19: =パラメータ!$B$32*(1+パラメータ!$C$32)^(パラメータ!$D$32+INT((N19-1)/パラメータ!$E$32)) -> 2.9386562 | T19: =パラメータ!$B$33*(1+パラメータ!$C$33)^(パラメータ!$D$33+INT((N19-1)/パラメータ!$E$33)) -> 1.2155063
N20: 19 | O20: =パラメータ!$B$28*(1+パラメータ!$C$28)^(パラメータ!$D$28+INT((N20-1)/パラメータ!$E$28)) -> 158.68743 | P20: =パラメータ!$B$29*(1+パラメータ!$C$29)^(パラメータ!$D$29+INT((N20-1)/パラメータ!$E$29)) -> 1.4641 | Q20: =MAX(0.4,パラメータ!$B$30*(1+パラメータ!$C$30)^(パラメータ!$D$30+INT((N20-1)/パラメータ!$E$30))) -> 0.912673 | R20: =パラメータ!$B$31*(1+パラメータ!$C$31)^(パラメータ!$D$31+INT((N20-1)/パラメータ!$E$31)) -> 6.3265951 | S20: =パラメータ!$B$32*(1+パラメータ!$C$32)^(パラメータ!$D$32+INT((N20-1)/パラメータ!$E$32)) -> 3.1737486 | T20: =パラメータ!$B$33*(1+パラメータ!$C$33)^(パラメータ!$D$33+INT((N20-1)/パラメータ!$E$33)) -> 1.2155063
N21: 20 | O21: =パラメータ!$B$28*(1+パラメータ!$C$28)^(パラメータ!$D$28+INT((N21-1)/パラメータ!$E$28)) -> 158.68743 | P21: =パラメータ!$B$29*(1+パラメータ!$C$29)^(パラメータ!$D$29+INT((N21-1)/パラメータ!$E$29)) -> 1.4641 | Q21: =MAX(0.4,パラメータ!$B$30*(1+パラメータ!$C$30)^(パラメータ!$D$30+INT((N21-1)/パラメータ!$E$30))) -> 0.912673 | R21: =パラメータ!$B$31*(1+パラメータ!$C$31)^(パラメータ!$D$31+INT((N21-1)/パラメータ!$E$31)) -> 6.3265951 | S21: =パラメータ!$B$32*(1+パラメータ!$C$32)^(パラメータ!$D$32+INT((N21-1)/パラメータ!$E$32)) -> 3.1737486 | T21: =パラメータ!$B$33*(1+パラメータ!$C$33)^(パラメータ!$D$33+INT((N21-1)/パラメータ!$E$33)) -> 1.2155063
N22: 21 | O22: =パラメータ!$B$28*(1+パラメータ!$C$28)^(パラメータ!$D$28+INT((N22-1)/パラメータ!$E$28)) -> 158.68743 | P22: =パラメータ!$B$29*(1+パラメータ!$C$29)^(パラメータ!$D$29+INT((N22-1)/パラメータ!$E$29)) -> 1.61051 | Q22: =MAX(0.4,パラメータ!$B$30*(1+パラメータ!$C$30)^(パラメータ!$D$30+INT((N22-1)/パラメータ!$E$30))) -> 0.88529281 | R22: =パラメータ!$B$31*(1+パラメータ!$C$31)^(パラメータ!$D$31+INT((N22-1)/パラメータ!$E$31)) -> 6.3265951 | S22: =パラメータ!$B$32*(1+パラメータ!$C$32)^(パラメータ!$D$32+INT((N22-1)/パラメータ!$E$32)) -> 3.1737486 | T22: =パラメータ!$B$33*(1+パラメータ!$C$33)^(パラメータ!$D$33+INT((N22-1)/パラメータ!$E$33)) -> 1.2762816
N23: 22 | O23: =パラメータ!$B$28*(1+パラメータ!$C$28)^(パラメータ!$D$28+INT((N23-1)/パラメータ!$E$28)) -> 171.38243 | P23: =パラメータ!$B$29*(1+パラメータ!$C$29)^(パラメータ!$D$29+INT((N23-1)/パラメータ!$E$29)) -> 1.61051 | Q23: =MAX(0.4,パラメータ!$B$30*(1+パラメータ!$C$30)^(パラメータ!$D$30+INT((N23-1)/パラメータ!$E$30))) -> 0.88529281 | R23: =パラメータ!$B$31*(1+パラメータ!$C$31)^(パラメータ!$D$31+INT((N23-1)/パラメータ!$E$31)) -> 6.5796589 | S23: =パラメータ!$B$32*(1+パラメータ!$C$32)^(パラメータ!$D$32+INT((N23-1)/パラメータ!$E$32)) -> 3.4276485 | T23: =パラメータ!$B$33*(1+パラメータ!$C$33)^(パラメータ!$D$33+INT((N23-1)/パラメータ!$E$33)) -> 1.2762816
... N30: 29 | O30: =パラメータ!$B$28*(1+パラメータ!$C$28)^(パラメータ!$D$28+INT((N30-1)/パラメータ!$E$28)) -> 199.90046 | P30: =パラメータ!$B$29*(1+パラメータ!$C$29)^(パラメータ!$D$29+INT((N30-1)/パラメータ!$E$29)) -> 1.9487171 | Q30: =MAX(0.4,パラメータ!$B$30*(1+パラメータ!$C$30)^(パラメータ!$D$30+INT((N30-1)/パラメータ!$E$30))) -> 0.85873403 | R30: =パラメータ!$B$31*(1+パラメータ!$C$31)^(パラメータ!$D$31+INT((N30-1)/パラメータ!$E$31)) -> 7.1165591 | S30: =パラメータ!$B$32*(1+パラメータ!$C$32)^(パラメータ!$D$32+INT((N30-1)/パラメータ!$E$32)) -> 3.9980093 | T30: =パラメータ!$B$33*(1+パラメータ!$C$33)^(パラメータ!$D$33+INT((N30-1)/パラメータ!$E$33)) -> 1.4071004
G31: 判断の目安 | N31: 30 | O31: =パラメータ!$B$28*(1+パラメータ!$C$28)^(パラメータ!$D$28+INT((N31-1)/パラメータ!$E$28)) -> 199.90046 | P31: =パラメータ!$B$29*(1+パラメータ!$C$29)^(パラメータ!$D$29+INT((N31-1)/パラメータ!$E$29)) -> 1.9487171 | Q31: =MAX(0.4,パラメータ!$B$30*(1+パラメータ!$C$30)^(パラメータ!$D$30+INT((N31-1)/パラメータ!$E$30))) -> 0.85873403 | R31: =パラメータ!$B$31*(1+パラメータ!$C$31)^(パラメータ!$D$31+INT((N31-1)/パラメータ!$E$31)) -> 7.1165591 | S31: =パラメータ!$B$32*(1+パラメータ!$C$32)^(パラメータ!$D$32+INT((N31-1)/パラメータ!$E$32)) -> 3.9980093 | T31: =パラメータ!$B$33*(1+パラメータ!$C$33)^(パラメータ!$D$33+INT((N31-1)/パラメータ!$E$33)) -> 1.4071004
G32: 攻撃/防御比がしきい値未満になると「リセット推奨」です。 ボスでは防御倍率と回復コアにより破砕時間が増えます。 一般ガラスは破砕→資源化のみで、追加モジュールはありません。 資源収入・強化コスト確定後は、この比率へ経済曲線を接続できます。 | N32: 31 | O32: =パラメータ!$B$28*(1+パラメータ!$C$28)^(パラメータ!$D$28+INT((N32-1)/パラメータ!$E$28)) -> 215.8925 | P32: =パラメータ!$B$29*(1+パラメータ!$C$29)^(パラメータ!$D$29+INT((N32-1)/パラメータ!$E$29)) -> 1.9487171 | Q32: =MAX(0.4,パラメータ!$B$30*(1+パラメータ!$C$30)^(パラメータ!$D$30+INT((N32-1)/パラメータ!$E$30))) -> 0.832972 | R32: =パラメータ!$B$31*(1+パラメータ!$C$31)^(パラメータ!$D$31+INT((N32-1)/パラメータ!$E$31)) -> 7.4012214 | S32: =パラメータ!$B$32*(1+パラメータ!$C$32)^(パラメータ!$D$32+INT((N32-1)/パラメータ!$E$32)) -> 4.31785 | T32: =パラメータ!$B$33*(1+パラメータ!$C$33)^(パラメータ!$D$33+INT((N32-1)/パラメータ!$E$33)) -> 1.4071004
N33: 32 | O33: =パラメータ!$B$28*(1+パラメータ!$C$28)^(パラメータ!$D$28+INT((N33-1)/パラメータ!$E$28)) -> 215.8925 | P33: =パラメータ!$B$29*(1+パラメータ!$C$29)^(パラメータ!$D$29+INT((N33-1)/パラメータ!$E$29)) -> 1.9487171 | Q33: =MAX(0.4,パラメータ!$B$30*(1+パラメータ!$C$30)^(パラメータ!$D$30+INT((N33-1)/パラメータ!$E$30))) -> 0.832972 | R33: =パラメータ!$B$31*(1+パラメータ!$C$31)^(パラメータ!$D$31+INT((N33-1)/パラメータ!$E$31)) -> 7.4012214 | S33: =パラメータ!$B$32*(1+パラメータ!$C$32)^(パラメータ!$D$32+INT((N33-1)/パラメータ!$E$32)) -> 4.31785 | T33: =パラメータ!$B$33*(1+パラメータ!$C$33)^(パラメータ!$D$33+INT((N33-1)/パラメータ!$E$33)) -> 1.4071004
N34: 33 | O34: =パラメータ!$B$28*(1+パラメータ!$C$28)^(パラメータ!$D$28+INT((N34-1)/パラメータ!$E$28)) -> 215.8925 | P34: =パラメータ!$B$29*(1+パラメータ!$C$29)^(パラメータ!$D$29+INT((N34-1)/パラメータ!$E$29)) -> 2.1435888 | Q34: =MAX(0.4,パラメータ!$B$30*(1+パラメータ!$C$30)^(パラメータ!$D$30+INT((N34-1)/パラメータ!$E$30))) -> 0.832972 | R34: =パラメータ!$B$31*(1+パラメータ!$C$31)^(パラメータ!$D$31+INT((N34-1)/パラメータ!$E$31)) -> 7.4012214 | S34: =パラメータ!$B$32*(1+パラメータ!$C$32)^(パラメータ!$D$32+INT((N34-1)/パラメータ!$E$32)) -> 4.31785 | T34: =パラメータ!$B$33*(1+パラメータ!$C$33)^(パラメータ!$D$33+INT((N34-1)/パラメータ!$E$33)) -> 1.4774554
N35: 34 | O35: =パラメータ!$B$28*(1+パラメータ!$C$28)^(パラメータ!$D$28+INT((N35-1)/パラメータ!$E$28)) -> 233.1639 | P35: =パラメータ!$B$29*(1+パラメータ!$C$29)^(パラメータ!$D$29+INT((N35-1)/パラメータ!$E$29)) -> 2.1435888 | Q35: =MAX(0.4,パラメータ!$B$30*(1+パラメータ!$C$30)^(パラメータ!$D$30+INT((N35-1)/パラメータ!$E$30))) -> 0.832972 | R35: =パラメータ!$B$31*(1+パラメータ!$C$31)^(パラメータ!$D$31+INT((N35-1)/パラメータ!$E$31)) -> 7.6972703 | S35: =パラメータ!$B$32*(1+パラメータ!$C$32)^(パラメータ!$D$32+INT((N35-1)/パラメータ!$E$32)) -> 4.663278 | T35: =パラメータ!$B$33*(1+パラメータ!$C$33)^(パラメータ!$D$33+INT((N35-1)/パラメータ!$E$33)) -> 1.4774554
N36: 35 | O36: =パラメータ!$B$28*(1+パラメータ!$C$28)^(パラメータ!$D$28+INT((N36-1)/パラメータ!$E$28)) -> 233.1639 | P36: =パラメータ!$B$29*(1+パラメータ!$C$29)^(パラメータ!$D$29+INT((N36-1)/パラメータ!$E$29)) -> 2.1435888 | Q36: =MAX(0.4,パラメータ!$B$30*(1+パラメータ!$C$30)^(パラメータ!$D$30+INT((N36-1)/パラメータ!$E$30))) -> 0.832972 | R36: =パラメータ!$B$31*(1+パラメータ!$C$31)^(パラメータ!$D$31+INT((N36-1)/パラメータ!$E$31)) -> 7.6972703 | S36: =パラメータ!$B$32*(1+パラメータ!$C$32)^(パラメータ!$D$32+INT((N36-1)/パラメータ!$E$32)) -> 4.663278 | T36: =パラメータ!$B$33*(1+パラメータ!$C$33)^(パラメータ!$D$33+INT((N36-1)/パラメータ!$E$33)) -> 1.4774554
N37: 36 | O37: =パラメータ!$B$28*(1+パラメータ!$C$28)^(パラメータ!$D$28+INT((N37-1)/パラメータ!$E$28)) -> 233.1639 | P37: =パラメータ!$B$29*(1+パラメータ!$C$29)^(パラメータ!$D$29+INT((N37-1)/パラメータ!$E$29)) -> 2.1435888 | Q37: =MAX(0.4,パラメータ!$B$30*(1+パラメータ!$C$30)^(パラメータ!$D$30+INT((N37-1)/パラメータ!$E$30))) -> 0.80798284 | R37: =パラメータ!$B$31*(1+パラメータ!$C$31)^(パラメータ!$D$31+INT((N37-1)/パラメータ!$E$31)) -> 7.6972703 | S37: =パラメータ!$B$32*(1+パラメータ!$C$32)^(パラメータ!$D$32+INT((N37-1)/パラメータ!$E$32)) -> 4.663278 | T37: =パラメータ!$B$33*(1+パラメータ!$C$33)^(パラメータ!$D$33+INT((N37-1)/パラメータ!$E$33)) -> 1.4774554
N38: 37 | O38: =パラメータ!$B$28*(1+パラメータ!$C$28)^(パラメータ!$D$28+INT((N38-1)/パラメータ!$E$28)) -> 251.81701 | P38: =パラメータ!$B$29*(1+パラメータ!$C$29)^(パラメータ!$D$29+INT((N38-1)/パラメータ!$E$29)) -> 2.3579477 | Q38: =MAX(0.4,パラメータ!$B$30*(1+パラメータ!$C$30)^(パラメータ!$D$30+INT((N38-1)/パラメータ!$E$30))) -> 0.80798284 | R38: =パラメータ!$B$31*(1+パラメータ!$C$31)^(パラメータ!$D$31+INT((N38-1)/パラメータ!$E$31)) -> 8.0051611 | S38: =パラメータ!$B$32*(1+パラメータ!$C$32)^(パラメータ!$D$32+INT((N38-1)/パラメータ!$E$32)) -> 5.0363402 | T38: =パラメータ!$B$33*(1+パラメータ!$C$33)^(パラメータ!$D$33+INT((N38-1)/パラメータ!$E$33)) -> 1.5513282
N39: 38 | O39: =パラメータ!$B$28*(1+パラメータ!$C$28)^(パラメータ!$D$28+INT((N39-1)/パラメータ!$E$28)) -> 251.81701 | P39: =パラメータ!$B$29*(1+パラメータ!$C$29)^(パラメータ!$D$29+INT((N39-1)/パラメータ!$E$29)) -> 2.3579477 | Q39: =MAX(0.4,パラメータ!$B$30*(1+パラメータ!$C$30)^(パラメータ!$D$30+INT((N39-1)/パラメータ!$E$30))) -> 0.80798284 | R39: =パラメータ!$B$31*(1+パラメータ!$C$31)^(パラメータ!$D$31+INT((N39-1)/パラメータ!$E$31)) -> 8.0051611 | S39: =パラメータ!$B$32*(1+パラメータ!$C$32)^(パラメータ!$D$32+INT((N39-1)/パラメータ!$E$32)) -> 5.0363402 | T39: =パラメータ!$B$33*(1+パラメータ!$C$33)^(パラメータ!$D$33+INT((N39-1)/パラメータ!$E$33)) -> 1.5513282
N40: 39 | O40: =パラメータ!$B$28*(1+パラメータ!$C$28)^(パラメータ!$D$28+INT((N40-1)/パラメータ!$E$28)) -> 251.81701 | P40: =パラメータ!$B$29*(1+パラメータ!$C$29)^(パラメータ!$D$29+INT((N40-1)/パラメータ!$E$29)) -> 2.3579477 | Q40: =MAX(0.4,パラメータ!$B$30*(1+パラメータ!$C$30)^(パラメータ!$D$30+INT((N40-1)/パラメータ!$E$30))) -> 0.80798284 | R40: =パラメータ!$B$31*(1+パラメータ!$C$31)^(パラメータ!$D$31+INT((N40-1)/パラメータ!$E$31)) -> 8.0051611 | S40: =パラメータ!$B$32*(1+パラメータ!$C$32)^(パラメータ!$D$32+INT((N40-1)/パラメータ!$E$32)) -> 5.0363402 | T40: =パラメータ!$B$33*(1+パラメータ!$C$33)^(パラメータ!$D$33+INT((N40-1)/パラメータ!$E$33)) -> 1.5513282
N41: 40 | O41: =パラメータ!$B$28*(1+パラメータ!$C$28)^(パラメータ!$D$28+INT((N41-1)/パラメータ!$E$28)) -> 271.96237 | P41: =パラメータ!$B$29*(1+パラメータ!$C$29)^(パラメータ!$D$29+INT((N41-1)/パラメータ!$E$29)) -> 2.3579477 | Q41: =MAX(0.4,パラメータ!$B$30*(1+パラメータ!$C$30)^(パラメータ!$D$30+INT((N41-1)/パラメータ!$E$30))) -> 0.80798284 | R41: =パラメータ!$B$31*(1+パラメータ!$C$31)^(パラメータ!$D$31+INT((N41-1)/パラメータ!$E$31)) -> 8.3253675 | S41: =パラメータ!$B$32*(1+パラメータ!$C$32)^(パラメータ!$D$32+INT((N41-1)/パラメータ!$E$32)) -> 5.4392475 | T41: =パラメータ!$B$33*(1+パラメータ!$C$33)^(パラメータ!$D$33+INT((N41-1)/パラメータ!$E$33)) -> 1.5513282
N42: 41 | O42: =パラメータ!$B$28*(1+パラメータ!$C$28)^(パラメータ!$D$28+INT((N42-1)/パラメータ!$E$28)) -> 271.96237 | P42: =パラメータ!$B$29*(1+パラメータ!$C$29)^(パラメータ!$D$29+INT((N42-1)/パラメータ!$E$29)) -> 2.5937425 | Q42: =MAX(0.4,パラメータ!$B$30*(1+パラメータ!$C$30)^(パラメータ!$D$30+INT((N42-1)/パラメータ!$E$30))) -> 0.78374336 | R42: =パラメータ!$B$31*(1+パラメータ!$C$31)^(パラメータ!$D$31+INT((N42-1)/パラメータ!$E$31)) -> 8.3253675 | S42: =パラメータ!$B$32*(1+パラメータ!$C$32)^(パラメータ!$D$32+INT((N42-1)/パラメータ!$E$32)) -> 5.4392475 | T42: =パラメータ!$B$33*(1+パラメータ!$C$33)^(パラメータ!$D$33+INT((N42-1)/パラメータ!$E$33)) -> 1.6288946
N43: 42 | O43: =パラメータ!$B$28*(1+パラメータ!$C$28)^(パラメータ!$D$28+INT((N43-1)/パラメータ!$E$28)) -> 271.96237 | P43: =パラメータ!$B$29*(1+パラメータ!$C$29)^(パラメータ!$D$29+INT((N43-1)/パラメータ!$E$29)) -> 2.5937425 | Q43: =MAX(0.4,パラメータ!$B$30*(1+パラメータ!$C$30)^(パラメータ!$D$30+INT((N43-1)/パラメータ!$E$30))) -> 0.78374336 | R43: =パラメータ!$B$31*(1+パラメータ!$C$31)^(パラメータ!$D$31+INT((N43-1)/パラメータ!$E$31)) -> 8.3253675 | S43: =パラメータ!$B$32*(1+パラメータ!$C$32)^(パラメータ!$D$32+INT((N43-1)/パラメータ!$E$32)) -> 5.4392475 | T43: =パラメータ!$B$33*(1+パラメータ!$C$33)^(パラメータ!$D$33+INT((N43-1)/パラメータ!$E$33)) -> 1.6288946
N44: 43 | O44: =パラメータ!$B$28*(1+パラメータ!$C$28)^(パラメータ!$D$28+INT((N44-1)/パラメータ!$E$28)) -> 293.71936 | P44: =パラメータ!$B$29*(1+パラメータ!$C$29)^(パラメータ!$D$29+INT((N44-1)/パラメータ!$E$29)) -> 2.5937425 | Q44: =MAX(0.4,パラメータ!$B$30*(1+パラメータ!$C$30)^(パラメータ!$D$30+INT((N44-1)/パラメータ!$E$30))) -> 0.78374336 | R44: =パラメータ!$B$31*(1+パラメータ!$C$31)^(パラメータ!$D$31+INT((N44-1)/パラメータ!$E$31)) -> 8.6583822 | S44: =パラメータ!$B$32*(1+パラメータ!$C$32)^(パラメータ!$D$32+INT((N44-1)/パラメータ!$E$32)) -> 5.8743872 | T44: =パラメータ!$B$33*(1+パラメータ!$C$33)^(パラメータ!$D$33+INT((N44-1)/パラメータ!$E$33)) -> 1.6288946
... N51: 50 | O51: =パラメータ!$B$28*(1+パラメータ!$C$28)^(パラメータ!$D$28+INT((N51-1)/パラメータ!$E$28)) -> 342.59426 | P51: =パラメータ!$B$29*(1+パラメータ!$C$29)^(パラメータ!$D$29+INT((N51-1)/パラメータ!$E$29)) -> 3.1384284 | Q51: =MAX(0.4,パラメータ!$B$30*(1+パラメータ!$C$30)^(パラメータ!$D$30+INT((N51-1)/パラメータ!$E$30))) -> 0.76023106 | R51: =パラメータ!$B$31*(1+パラメータ!$C$31)^(パラメータ!$D$31+INT((N51-1)/パラメータ!$E$31)) -> 9.3649062 | S51: =パラメータ!$B$32*(1+パラメータ!$C$32)^(パラメータ!$D$32+INT((N51-1)/パラメータ!$E$32)) -> 6.8518853 | T51: =パラメータ!$B$33*(1+パラメータ!$C$33)^(パラメータ!$D$33+INT((N51-1)/パラメータ!$E$33)) -> 1.7958563

Sheet パラメータ
A1: ガラスシューティング 成長曲線パラメータ
A3: 青色セルを変更すると、ステージ曲線とダッシュボードが更新されます。数値は初期検討用の仮定です。
A5: 進行・敵側の基本設定
A6: 項目 | B6: 設定値 | C6: 単位 | D6: 説明
A7: 計算ステージ数 | B7: 50 | C7: stage | D7: 確認範囲（最大50行を作成）
A8: リセット推奨しきい値 | B8: 0.35 | C8: 攻撃/防御 | D8: 衝撃エネルギー÷敵防御力がこの値未満なら推奨
A9: 一般ガラス防御成長率 | B9: 0.16 | C9: /stage | D9: 前ステージ比。1.16倍として計算
A10: ボス防御倍率 | B10: 6 | C10: 倍 | D10: 5の倍数ステージで一般防御に乗算
A11: 回復コア回復率 | B11: 0.12 | C11: 防御力/秒 | D11: ボスの回復量を防御力に対する比率で表現
A12: 一般ガラス最大面積 | B12: 24 | C12: 面積 | D12: 一般ガラスの破砕対象面積
A13: ボス外殻面積 | B13: 24 | C13: 面積 | D13: 外殻は一般ガラス相当
A14: ボス回復コア面積 | B14: 3 | C14: 面積 | D14: 半径1の十二角形相当
A15: ボス間隔 | B15: 5 | C15: stage | D15: 5の倍数でボス
A17: 弾幕・破砕弾強化（想定強化ペース）
A18: 項目 | B18: 初期値 | C18: 1レベル効果 | D18: 初期Lv | E18: 何stageごとに+1Lv | F18: 表示単位 | G18: 備考
A19: 質量 | B19: 1 | C19: 0.04 | D19: 0 | E19: 2 | F19: 質量 | G19: 乗算強化
A20: 初速 | B20: 12 | C20: 0.02 | D20: 0 | E20: 2 | F20: 速度 | G20: 衝撃エネルギーでは二乗で寄与
A21: クラック変換効率 | B21: 0.5 | C21: 0.03 | D21: 0 | E21: 3 | F21: 効率 | G21: 上限1.0
A22: 発射レート | B22: 4 | C22: 0.03 | D22: 0 | E22: 2 | F22: 発/秒 | G22: DPSへ反映
A23: 同時発射数 | B23: 1 | C23: 1 | D23: 0 | E23: 10 | F23: 発 | G23: レベルごとに加算
A24: 縮小率 | B24: 0.08 | C24: 0.05 | D24: 0 | E24: 3 | F24: %/hit | G24: 破砕後の撃ち過ぎによる資源減少
A26: プレイヤー強化（想定強化ペース）
A27: 項目 | B27: 初期値 | C27: 1レベル効果 | D27: 初期Lv | E27: 何stageごとに+1Lv | F27: 表示単位 | G27: 備考
A28: 最大耐久力 | B28: 100 | C28: 0.08 | D28: 0 | E28: 3 | F28: HP | G28: 乗算強化
A29: 破壊靭性 | B29: 1 | C29: 0.1 | D29: 0 | E29: 4 | F29: 靭性 | G29: 乗算強化
A30: 当たり判定 | B30: 1 | C30: -0.03 | D30: 0 | E30: 5 | F30: 倍率 | G30: 下限0.40
A31: 移動速度 | B31: 5 | C31: 0.04 | D31: 0 | E31: 3 | F31: 速度 | G31: 乗算強化
A32: 自動回収範囲 | B32: 2 | C32: 0.08 | D32: 0 | E32: 3 | F32: 半径 | G32: 乗算強化
A33: 環境・重力 | B33: 1 | C33: 0.05 | D33: 0 | E33: 4 | F33: 倍率 | G33: 乗算強化
A35: ガラス・亀裂設定
A36: 表示名 | B36: 設定値 | C36: 内部名 | D36: 表示上の説明
A37: 表面傷間隔 | B37: 1.2 | C37: surfaceFlawMinimumSpacing | D37: 表面傷が配置される間隔
A38: 亀裂の最大の大きさ | B38: 1.2 | C38: crackTipDetectionRadius | D38: 亀裂が一度に広がれる最大半径
A39: 亀裂抵抗値 | B39: 1 | C39: baseFractureResistance | D39: クラック形成に対する基礎抵抗

Sheet ステージ曲線
A1: ステージ別 成長曲線（1～50）
A3: Stage | B3: 種別 | C3: 質量 | D3: 初速 | E3: 変換効率 | F3: 衝撃E/発 | G3: 発射レート | H3: 同時発射数 | I3: 攻撃DPS | J3: 最大面積 | K3: 基礎抵抗 | L3: 敵防御力 | M3: 回復/秒 | N3: 実効DPS | O3: 攻撃/防御 | P3: 必要破砕E | Q3: 推定破砕秒 | R3: 推定必要弾数 | S3: 亀裂最大サイズ | T3: 破砕後縮小率 | U3: 判定 | V3: ボス構成 | W3: 推定表面傷数
A4: 1 | B4: =IF(MOD(A4,パラメータ!$B$15)=0,"ボス","一般") -> 一般 | C4: =パラメータ!$B$19*(1+パラメータ!$C$19)^(パラメータ!$D$19+INT((A4-1)/パラメータ!$E$19)) -> 1 | D4: =パラメータ!$B$20*(1+パラメータ!$C$20)^(パラメータ!$D$20+INT((A4-1)/パラメータ!$E$20)) -> 12 | E4: =MIN(1,パラメータ!$B$21*(1+パラメータ!$C$21)^(パラメータ!$D$21+INT((A4-1)/パラメータ!$E$21))) -> 0.5 | F4: =0.5*C4*D4^2*E4 -> 36 | G4: =パラメータ!$B$22*(1+パラメータ!$C$22)^(パラメータ!$D$22+INT((A4-1)/パラメータ!$E$22)) -> 4 | H4: =パラメータ!$B$23+パラメータ!$C$23*(パラメータ!$D$23+INT((A4-1)/パラメータ!$E$23)) -> 1 | I4: =F4*G4*H4 -> 144 | J4: =IF(B4="ボス",パラメータ!$B$13+パラメータ!$B$14,パラメータ!$B$12) -> 24 | K4: =パラメータ!$B$39 -> 1 | L4: =K4*(1+パラメータ!$B$9)^(A4-1)*IF(B4="ボス",パラメータ!$B$10,1) -> 1 | M4: =IF(B4="ボス",L4*パラメータ!$B$11,0) -> 0 | N4: =MAX(0,I4-M4) -> 144 | O4: =F4/L4 -> 36 | P4: =J4*L4 -> 24 | Q4: =IF(N4<=0,9999,P4/N4) -> 0.16666667 | R4: =ROUNDUP(P4/MAX(F4,0.000001),0) -> 1 | S4: =MIN(パラメータ!$B$38,パラメータ!$B$38*SQRT(MAX(0,F4/L4))) -> 1.2 | T4: =パラメータ!$B$24*(1+パラメータ!$C$24)^(パラメータ!$D$24+INT((A4-1)/パラメータ!$E$24)) -> 0.08 | U4: =IF(O4<パラメータ!$B$8,"リセット推奨","継続可能") -> 継続可能 | V4: =IF(B4="ボス","一般外殻＋回復コア","一般ガラス") -> 一般ガラス | W4: =ROUNDUP(J4/(パラメータ!$B$37^2),0) -> 17
A5: 2 | B5: =IF(MOD(A5,パラメータ!$B$15)=0,"ボス","一般") -> 一般 | C5: =パラメータ!$B$19*(1+パラメータ!$C$19)^(パラメータ!$D$19+INT((A5-1)/パラメータ!$E$19)) -> 1 | D5: =パラメータ!$B$20*(1+パラメータ!$C$20)^(パラメータ!$D$20+INT((A5-1)/パラメータ!$E$20)) -> 12 | E5: =MIN(1,パラメータ!$B$21*(1+パラメータ!$C$21)^(パラメータ!$D$21+INT((A5-1)/パラメータ!$E$21))) -> 0.5 | F5: =0.5*C5*D5^2*E5 -> 36 | G5: =パラメータ!$B$22*(1+パラメータ!$C$22)^(パラメータ!$D$22+INT((A5-1)/パラメータ!$E$22)) -> 4 | H5: =パラメータ!$B$23+パラメータ!$C$23*(パラメータ!$D$23+INT((A5-1)/パラメータ!$E$23)) -> 1 | I5: =F5*G5*H5 -> 144 | J5: =IF(B5="ボス",パラメータ!$B$13+パラメータ!$B$14,パラメータ!$B$12) -> 24 | K5: =パラメータ!$B$39 -> 1 | L5: =K5*(1+パラメータ!$B$9)^(A5-1)*IF(B5="ボス",パラメータ!$B$10,1) -> 1.16 | M5: =IF(B5="ボス",L5*パラメータ!$B$11,0) -> 0 | N5: =MAX(0,I5-M5) -> 144 | O5: =F5/L5 -> 31.034483 | P5: =J5*L5 -> 27.84 | Q5: =IF(N5<=0,9999,P5/N5) -> 0.19333333 | R5: =ROUNDUP(P5/MAX(F5,0.000001),0) -> 1 | S5: =MIN(パラメータ!$B$38,パラメータ!$B$38*SQRT(MAX(0,F5/L5))) -> 1.2 | T5: =パラメータ!$B$24*(1+パラメータ!$C$24)^(パラメータ!$D$24+INT((A5-1)/パラメータ!$E$24)) -> 0.08 | U5: =IF(O5<パラメータ!$B$8,"リセット推奨","継続可能") -> 継続可能 | V5: =IF(B5="ボス","一般外殻＋回復コア","一般ガラス") -> 一般ガラス | W5: =ROUNDUP(J5/(パラメータ!$B$37^2),0) -> 17
A6: 3 | B6: =IF(MOD(A6,パラメータ!$B$15)=0,"ボス","一般") -> 一般 | C6: =パラメータ!$B$19*(1+パラメータ!$C$19)^(パラメータ!$D$19+INT((A6-1)/パラメータ!$E$19)) -> 1.04 | D6: =パラメータ!$B$20*(1+パラメータ!$C$20)^(パラメータ!$D$20+INT((A6-1)/パラメータ!$E$20)) -> 12.24 | E6: =MIN(1,パラメータ!$B$21*(1+パラメータ!$C$21)^(パラメータ!$D$21+INT((A6-1)/パラメータ!$E$21))) -> 0.5 | F6: =0.5*C6*D6^2*E6 -> 38.952576 | G6: =パラメータ!$B$22*(1+パラメータ!$C$22)^(パラメータ!$D$22+INT((A6-1)/パラメータ!$E$22)) -> 4.12 | H6: =パラメータ!$B$23+パラメータ!$C$23*(パラメータ!$D$23+INT((A6-1)/パラメータ!$E$23)) -> 1 | I6: =F6*G6*H6 -> 160.48461 | J6: =IF(B6="ボス",パラメータ!$B$13+パラメータ!$B$14,パラメータ!$B$12) -> 24 | K6: =パラメータ!$B$39 -> 1 | L6: =K6*(1+パラメータ!$B$9)^(A6-1)*IF(B6="ボス",パラメータ!$B$10,1) -> 1.3456 | M6: =IF(B6="ボス",L6*パラメータ!$B$11,0) -> 0 | N6: =MAX(0,I6-M6) -> 160.48461 | O6: =F6/L6 -> 28.948109 | P6: =J6*L6 -> 32.2944 | Q6: =IF(N6<=0,9999,P6/N6) -> 0.20123051 | R6: =ROUNDUP(P6/MAX(F6,0.000001),0) -> 1 | S6: =MIN(パラメータ!$B$38,パラメータ!$B$38*SQRT(MAX(0,F6/L6))) -> 1.2 | T6: =パラメータ!$B$24*(1+パラメータ!$C$24)^(パラメータ!$D$24+INT((A6-1)/パラメータ!$E$24)) -> 0.08 | U6: =IF(O6<パラメータ!$B$8,"リセット推奨","継続可能") -> 継続可能 | V6: =IF(B6="ボス","一般外殻＋回復コア","一般ガラス") -> 一般ガラス | W6: =ROUNDUP(J6/(パラメータ!$B$37^2),0) -> 17
A7: 4 | B7: =IF(MOD(A7,パラメータ!$B$15)=0,"ボス","一般") -> 一般 | C7: =パラメータ!$B$19*(1+パラメータ!$C$19)^(パラメータ!$D$19+INT((A7-1)/パラメータ!$E$19)) -> 1.04 | D7: =パラメータ!$B$20*(1+パラメータ!$C$20)^(パラメータ!$D$20+INT((A7-1)/パラメータ!$E$20)) -> 12.24 | E7: =MIN(1,パラメータ!$B$21*(1+パラメータ!$C$21)^(パラメータ!$D$21+INT((A7-1)/パラメータ!$E$21))) -> 0.515 | F7: =0.5*C7*D7^2*E7 -> 40.121153 | G7: =パラメータ!$B$22*(1+パラメータ!$C$22)^(パラメータ!$D$22+INT((A7-1)/パラメータ!$E$22)) -> 4.12 | H7: =パラメータ!$B$23+パラメータ!$C$23*(パラメータ!$D$23+INT((A7-1)/パラメータ!$E$23)) -> 1 | I7: =F7*G7*H7 -> 165.29915 | J7: =IF(B7="ボス",パラメータ!$B$13+パラメータ!$B$14,パラメータ!$B$12) -> 24 | K7: =パラメータ!$B$39 -> 1 | L7: =K7*(1+パラメータ!$B$9)^(A7-1)*IF(B7="ボス",パラメータ!$B$10,1) -> 1.560896 | M7: =IF(B7="ボス",L7*パラメータ!$B$11,0) -> 0 | N7: =MAX(0,I7-M7) -> 165.29915 | O7: =F7/L7 -> 25.703925 | P7: =J7*L7 -> 37.461504 | Q7: =IF(N7<=0,9999,P7/N7) -> 0.22662853 | R7: =ROUNDUP(P7/MAX(F7,0.000001),0) -> 1 | S7: =MIN(パラメータ!$B$38,パラメータ!$B$38*SQRT(MAX(0,F7/L7))) -> 1.2 | T7: =パラメータ!$B$24*(1+パラメータ!$C$24)^(パラメータ!$D$24+INT((A7-1)/パラメータ!$E$24)) -> 0.084 | U7: =IF(O7<パラメータ!$B$8,"リセット推奨","継続可能") -> 継続可能 | V7: =IF(B7="ボス","一般外殻＋回復コア","一般ガラス") -> 一般ガラス | W7: =ROUNDUP(J7/(パラメータ!$B$37^2),0) -> 17
A8: 5 | B8: =IF(MOD(A8,パラメータ!$B$15)=0,"ボス","一般") -> ボス | C8: =パラメータ!$B$19*(1+パラメータ!$C$19)^(パラメータ!$D$19+INT((A8-1)/パラメータ!$E$19)) -> 1.0816 | D8: =パラメータ!$B$20*(1+パラメータ!$C$20)^(パラメータ!$D$20+INT((A8-1)/パラメータ!$E$20)) -> 12.4848 | E8: =MIN(1,パラメータ!$B$21*(1+パラメータ!$C$21)^(パラメータ!$D$21+INT((A8-1)/パラメータ!$E$21))) -> 0.515 | F8: =0.5*C8*D8^2*E8 -> 43.41173 | G8: =パラメータ!$B$22*(1+パラメータ!$C$22)^(パラメータ!$D$22+INT((A8-1)/パラメータ!$E$22)) -> 4.2436 | H8: =パラメータ!$B$23+パラメータ!$C$23*(パラメータ!$D$23+INT((A8-1)/パラメータ!$E$23)) -> 1 | I8: =F8*G8*H8 -> 184.22202 | J8: =IF(B8="ボス",パラメータ!$B$13+パラメータ!$B$14,パラメータ!$B$12) -> 27 | K8: =パラメータ!$B$39 -> 1 | L8: =K8*(1+パラメータ!$B$9)^(A8-1)*IF(B8="ボス",パラメータ!$B$10,1) -> 10.863836 | M8: =IF(B8="ボス",L8*パラメータ!$B$11,0) -> 1.3036603 | N8: =MAX(0,I8-M8) -> 182.91836 | O8: =F8/L8 -> 3.9959853 | P8: =J8*L8 -> 293.32358 | Q8: =IF(N8<=0,9999,P8/N8) -> 1.6035765 | R8: =ROUNDUP(P8/MAX(F8,0.000001),0) -> 7 | S8: =MIN(パラメータ!$B$38,パラメータ!$B$38*SQRT(MAX(0,F8/L8))) -> 1.2 | T8: =パラメータ!$B$24*(1+パラメータ!$C$24)^(パラメータ!$D$24+INT((A8-1)/パラメータ!$E$24)) -> 0.084 | U8: =IF(O8<パラメータ!$B$8,"リセット推奨","継続可能") -> 継続可能 | V8: =IF(B8="ボス","一般外殻＋回復コア","一般ガラス") -> 一般外殻＋回復コア | W8: =ROUNDUP(J8/(パラメータ!$B$37^2),0) -> 19
A9: 6 | B9: =IF(MOD(A9,パラメータ!$B$15)=0,"ボス","一般") -> 一般 | C9: =パラメータ!$B$19*(1+パラメータ!$C$19)^(パラメータ!$D$19+INT((A9-1)/パラメータ!$E$19)) -> 1.0816 | D9: =パラメータ!$B$20*(1+パラメータ!$C$20)^(パラメータ!$D$20+INT((A9-1)/パラメータ!$E$20)) -> 12.4848 | E9: =MIN(1,パラメータ!$B$21*(1+パラメータ!$C$21)^(パラメータ!$D$21+INT((A9-1)/パラメータ!$E$21))) -> 0.515 | F9: =0.5*C9*D9^2*E9 -> 43.41173 | G9: =パラメータ!$B$22*(1+パラメータ!$C$22)^(パラメータ!$D$22+INT((A9-1)/パラメータ!$E$22)) -> 4.2436 | H9: =パラメータ!$B$23+パラメータ!$C$23*(パラメータ!$D$23+INT((A9-1)/パラメータ!$E$23)) -> 1 | I9: =F9*G9*H9 -> 184.22202 | J9: =IF(B9="ボス",パラメータ!$B$13+パラメータ!$B$14,パラメータ!$B$12) -> 24 | K9: =パラメータ!$B$39 -> 1 | L9: =K9*(1+パラメータ!$B$9)^(A9-1)*IF(B9="ボス",パラメータ!$B$10,1) -> 2.1003417 | M9: =IF(B9="ボス",L9*パラメータ!$B$11,0) -> 0 | N9: =MAX(0,I9-M9) -> 184.22202 | O9: =F9/L9 -> 20.66889 | P9: =J9*L9 -> 50.4082 | Q9: =IF(N9<=0,9999,P9/N9) -> 0.27362745 | R9: =ROUNDUP(P9/MAX(F9,0.000001),0) -> 2 | S9: =MIN(パラメータ!$B$38,パラメータ!$B$38*SQRT(MAX(0,F9/L9))) -> 1.2 | T9: =パラメータ!$B$24*(1+パラメータ!$C$24)^(パラメータ!$D$24+INT((A9-1)/パラメータ!$E$24)) -> 0.084 | U9: =IF(O9<パラメータ!$B$8,"リセット推奨","継続可能") -> 継続可能 | V9: =IF(B9="ボス","一般外殻＋回復コア","一般ガラス") -> 一般ガラス | W9: =ROUNDUP(J9/(パラメータ!$B$37^2),0) -> 17
A10: 7 | B10: =IF(MOD(A10,パラメータ!$B$15)=0,"ボス","一般") -> 一般 | C10: =パラメータ!$B$19*(1+パラメータ!$C$19)^(パラメータ!$D$19+INT((A10-1)/パラメータ!$E$19)) -> 1.124864 | D10: =パラメータ!$B$20*(1+パラメータ!$C$20)^(パラメータ!$D$20+INT((A10-1)/パラメータ!$E$20)) -> 12.734496 | E10: =MIN(1,パラメータ!$B$21*(1+パラメータ!$C$21)^(パラメータ!$D$21+INT((A10-1)/パラメータ!$E$21))) -> 0.53045 | F10: =0.5*C10*D10^2*E10 -> 48.381352 | G10: =パラメータ!$B$22*(1+パラメータ!$C$22)^(パラメータ!$D$22+INT((A10-1)/パラメータ!$E$22)) -> 4.370908 | H10: =パラメータ!$B$23+パラメータ!$C$23*(パラメータ!$D$23+INT((A10-1)/パラメータ!$E$23)) -> 1 | I10: =F10*G10*H10 -> 211.47044 | J10: =IF(B10="ボス",パラメータ!$B$13+パラメータ!$B$14,パラメータ!$B$12) -> 24 | K10: =パラメータ!$B$39 -> 1 | L10: =K10*(1+パラメータ!$B$9)^(A10-1)*IF(B10="ボス",パラメータ!$B$10,1) -> 2.4363963 | M10: =IF(B10="ボス",L10*パラメータ!$B$11,0) -> 0 | N10: =MAX(0,I10-M10) -> 211.47044 | O10: =F10/L10 -> 19.857751 | P10: =J10*L10 -> 58.473512 | Q10: =IF(N10<=0,9999,P10/N10) -> 0.27650915 | R10: =ROUNDUP(P10/MAX(F10,0.000001),0) -> 2 | S10: =MIN(パラメータ!$B$38,パラメータ!$B$38*SQRT(MAX(0,F10/L10))) -> 1.2 | T10: =パラメータ!$B$24*(1+パラメータ!$C$24)^(パラメータ!$D$24+INT((A10-1)/パラメータ!$E$24)) -> 0.0882 | U10: =IF(O10<パラメータ!$B$8,"リセット推奨","継続可能") -> 継続可能 | V10: =IF(B10="ボス","一般外殻＋回復コア","一般ガラス") -> 一般ガラス | W10: =ROUNDUP(J10/(パラメータ!$B$37^2),0) -> 17
A11: 8 | B11: =IF(MOD(A11,パラメータ!$B$15)=0,"ボス","一般") -> 一般 | C11: =パラメータ!$B$19*(1+パラメータ!$C$19)^(パラメータ!$D$19+INT((A11-1)/パラメータ!$E$19)) -> 1.124864 | D11: =パラメータ!$B$20*(1+パラメータ!$C$20)^(パラメータ!$D$20+INT((A11-1)/パラメータ!$E$20)) -> 12.734496 | E11: =MIN(1,パラメータ!$B$21*(1+パラメータ!$C$21)^(パラメータ!$D$21+INT((A11-1)/パラメータ!$E$21))) -> 0.53045 | F11: =0.5*C11*D11^2*E11 -> 48.381352 | G11: =パラメータ!$B$22*(1+パラメータ!$C$22)^(パラメータ!$D$22+INT((A11-1)/パラメータ!$E$22)) -> 4.370908 | H11: =パラメータ!$B$23+パラメータ!$C$23*(パラメータ!$D$23+INT((A11-1)/パラメータ!$E$23)) -> 1 | I11: =F11*G11*H11 -> 211.47044 | J11: =IF(B11="ボス",パラメータ!$B$13+パラメータ!$B$14,パラメータ!$B$12) -> 24 | K11: =パラメータ!$B$39 -> 1 | L11: =K11*(1+パラメータ!$B$9)^(A11-1)*IF(B11="ボス",パラメータ!$B$10,1) -> 2.8262197 | M11: =IF(B11="ボス",L11*パラメータ!$B$11,0) -> 0 | N11: =MAX(0,I11-M11) -> 211.47044 | O11: =F11/L11 -> 17.118751 | P11: =J11*L11 -> 67.829274 | Q11: =IF(N11<=0,9999,P11/N11) -> 0.32075062 | R11: =ROUNDUP(P11/MAX(F11,0.000001),0) -> 2 | S11: =MIN(パラメータ!$B$38,パラメータ!$B$38*SQRT(MAX(0,F11/L11))) -> 1.2 | T11: =パラメータ!$B$24*(1+パラメータ!$C$24)^(パラメータ!$D$24+INT((A11-1)/パラメータ!$E$24)) -> 0.0882 | U11: =IF(O11<パラメータ!$B$8,"リセット推奨","継続可能") -> 継続可能 | V11: =IF(B11="ボス","一般外殻＋回復コア","一般ガラス") -> 一般ガラス | W11: =ROUNDUP(J11/(パラメータ!$B$37^2),0) -> 17
A12: 9 | B12: =IF(MOD(A12,パラメータ!$B$15)=0,"ボス","一般") -> 一般 | C12: =パラメータ!$B$19*(1+パラメータ!$C$19)^(パラメータ!$D$19+INT((A12-1)/パラメータ!$E$19)) -> 1.1698586 | D12: =パラメータ!$B$20*(1+パラメータ!$C$20)^(パラメータ!$D$20+INT((A12-1)/パラメータ!$E$20)) -> 12.989186 | E12: =MIN(1,パラメータ!$B$21*(1+パラメータ!$C$21)^(パラメータ!$D$21+INT((A12-1)/パラメータ!$E$21))) -> 0.53045 | F12: =0.5*C12*D12^2*E12 -> 52.349397 | G12: =パラメータ!$B$22*(1+パラメータ!$C$22)^(パラメータ!$D$22+INT((A12-1)/パラメータ!$E$22)) -> 4.5020352 | H12: =パラメータ!$B$23+パラメータ!$C$23*(パラメータ!$D$23+INT((A12-1)/パラメータ!$E$23)) -> 1 | I12: =F12*G12*H12 -> 235.67883 | J12: =IF(B12="ボス",パラメータ!$B$13+パラメータ!$B$14,パラメータ!$B$12) -> 24 | K12: =パラメータ!$B$39 -> 1 | L12: =K12*(1+パラメータ!$B$9)^(A12-1)*IF(B12="ボス",パラメータ!$B$10,1) -> 3.2784149 | M12: =IF(B12="ボス",L12*パラメータ!$B$11,0) -> 0 | N12: =MAX(0,I12-M12) -> 235.67883 | O12: =F12/L12 -> 15.967899 | P12: =J12*L12 -> 78.681957 | Q12: =IF(N12<=0,9999,P12/N12) -> 0.33385246 | R12: =ROUNDUP(P12/MAX(F12,0.000001),0) -> 2 | S12: =MIN(パラメータ!$B$38,パラメータ!$B$38*SQRT(MAX(0,F12/L12))) -> 1.2 | T12: =パラメータ!$B$24*(1+パラメータ!$C$24)^(パラメータ!$D$24+INT((A12-1)/パラメータ!$E$24)) -> 0.0882 | U12: =IF(O12<パラメータ!$B$8,"リセット推奨","継続可能") -> 継続可能 | V12: =IF(B12="ボス","一般外殻＋回復コア","一般ガラス") -> 一般ガラス | W12: =ROUNDUP(J12/(パラメータ!$B$37^2),0) -> 17
A13: 10 | B13: =IF(MOD(A13,パラメータ!$B$15)=0,"ボス","一般") -> ボス | C13: =パラメータ!$B$19*(1+パラメータ!$C$19)^(パラメータ!$D$19+INT((A13-1)/パラメータ!$E$19)) -> 1.1698586 | D13: =パラメータ!$B$20*(1+パラメータ!$C$20)^(パラメータ!$D$20+INT((A13-1)/パラメータ!$E$20)) -> 12.989186 | E13: =MIN(1,パラメータ!$B$21*(1+パラメータ!$C$21)^(パラメータ!$D$21+INT((A13-1)/パラメータ!$E$21))) -> 0.5463635 | F13: =0.5*C13*D13^2*E13 -> 53.919879 | G13: =パラメータ!$B$22*(1+パラメータ!$C$22)^(パラメータ!$D$22+INT((A13-1)/パラメータ!$E$22)) -> 4.5020352 | H13: =パラメータ!$B$23+パラメータ!$C$23*(パラメータ!$D$23+INT((A13-1)/パラメータ!$E$23)) -> 1 | I13: =F13*G13*H13 -> 242.74919 | J13: =IF(B13="ボス",パラメータ!$B$13+パラメータ!$B$14,パラメータ!$B$12) -> 27 | K13: =パラメータ!$B$39 -> 1 | L13: =K13*(1+パラメータ!$B$9)^(A13-1)*IF(B13="ボス",パラメータ!$B$10,1) -> 22.817768 | M13: =IF(B13="ボス",L13*パラメータ!$B$11,0) -> 2.7381321 | N13: =MAX(0,I13-M13) -> 240.01106 | O13: =F13/L13 -> 2.3630655 | P13: =J13*L13 -> 616.07973 | Q13: =IF(N13<=0,9999,P13/N13) -> 2.5668806 | R13: =ROUNDUP(P13/MAX(F13,0.000001),0) -> 12 | S13: =MIN(パラメータ!$B$38,パラメータ!$B$38*SQRT(MAX(0,F13/L13))) -> 1.2 | T13: =パラメータ!$B$24*(1+パラメータ!$C$24)^(パラメータ!$D$24+INT((A13-1)/パラメータ!$E$24)) -> 0.09261 | U13: =IF(O13<パラメータ!$B$8,"リセット推奨","継続可能") -> 継続可能 | V13: =IF(B13="ボス","一般外殻＋回復コア","一般ガラス") -> 一般外殻＋回復コア | W13: =ROUNDUP(J13/(パラメータ!$B$37^2),0) -> 19
A14: 11 | B14: =IF(MOD(A14,パラメータ!$B$15)=0,"ボス","一般") -> 一般 | C14: =パラメータ!$B$19*(1+パラメータ!$C$19)^(パラメータ!$D$19+INT((A14-1)/パラメータ!$E$19)) -> 1.2166529 | D14: =パラメータ!$B$20*(1+パラメータ!$C$20)^(パラメータ!$D$20+INT((A14-1)/パラメータ!$E$20)) -> 13.24897 | E14: =MIN(1,パラメータ!$B$21*(1+パラメータ!$C$21)^(パラメータ!$D$21+INT((A14-1)/パラメータ!$E$21))) -> 0.5463635 | F14: =0.5*C14*D14^2*E14 -> 58.342171 | G14: =パラメータ!$B$22*(1+パラメータ!$C$22)^(パラメータ!$D$22+INT((A14-1)/パラメータ!$E$22)) -> 4.6370963 | H14: =パラメータ!$B$23+パラメータ!$C$23*(パラメータ!$D$23+INT((A14-1)/パラメータ!$E$23)) -> 2 | I14: =F14*G14*H14 -> 541.07653 | J14: =IF(B14="ボス",パラメータ!$B$13+パラメータ!$B$14,パラメータ!$B$12) -> 24 | K14: =パラメータ!$B$39 -> 1 | L14: =K14*(1+パラメータ!$B$9)^(A14-1)*IF(B14="ボス",パラメータ!$B$10,1) -> 4.4114351 | M14: =IF(B14="ボス",L14*パラメータ!$B$11,0) -> 0 | N14: =MAX(0,I14-M14) -> 541.07653 | O14: =F14/L14 -> 13.225214 | P14: =J14*L14 -> 105.87444 | Q14: =IF(N14<=0,9999,P14/N14) -> 0.19567369 | R14: =ROUNDUP(P14/MAX(F14,0.000001),0) -> 2 | S14: =MIN(パラメータ!$B$38,パラメータ!$B$38*SQRT(MAX(0,F14/L14))) -> 1.2 | T14: =パラメータ!$B$24*(1+パラメータ!$C$24)^(パラメータ!$D$24+INT((A14-1)/パラメータ!$E$24)) -> 0.09261 | U14: =IF(O14<パラメータ!$B$8,"リセット推奨","継続可能") -> 継続可能 | V14: =IF(B14="ボス","一般外殻＋回復コア","一般ガラス") -> 一般ガラス | W14: =ROUNDUP(J14/(パラメータ!$B$37^2),0) -> 17
A15: 12 | B15: =IF(MOD(A15,パラメータ!$B$15)=0,"ボス","一般") -> 一般 | C15: =パラメータ!$B$19*(1+パラメータ!$C$19)^(パラメータ!$D$19+INT((A15-1)/パラメータ!$E$19)) -> 1.2166529 | D15: =パラメータ!$B$20*(1+パラメータ!$C$20)^(パラメータ!$D$20+INT((A15-1)/パラメータ!$E$20)) -> 13.24897 | E15: =MIN(1,パラメータ!$B$21*(1+パラメータ!$C$21)^(パラメータ!$D$21+INT((A15-1)/パラメータ!$E$21))) -> 0.5463635 | F15: =0.5*C15*D15^2*E15 -> 58.342171 | G15: =パラメータ!$B$22*(1+パラメータ!$C$22)^(パラメータ!$D$22+INT((A15-1)/パラメータ!$E$22)) -> 4.6370963 | H15: =パラメータ!$B$23+パラメータ!$C$23*(パラメータ!$D$23+INT((A15-1)/パラメータ!$E$23)) -> 2 | I15: =F15*G15*H15 -> 541.07653 | J15: =IF(B15="ボス",パラメータ!$B$13+パラメータ!$B$14,パラメータ!$B$12) -> 24 | K15: =パラメータ!$B$39 -> 1 | L15: =K15*(1+パラメータ!$B$9)^(A15-1)*IF(B15="ボス",パラメータ!$B$10,1) -> 5.1172647 | M15: =IF(B15="ボス",L15*パラメータ!$B$11,0) -> 0 | N15: =MAX(0,I15-M15) -> 541.07653 | O15: =F15/L15 -> 11.401046 | P15: =J15*L15 -> 122.81435 | Q15: =IF(N15<=0,9999,P15/N15) -> 0.22698148 | R15: =ROUNDUP(P15/MAX(F15,0.000001),0) -> 3 | S15: =MIN(パラメータ!$B$38,パラメータ!$B$38*SQRT(MAX(0,F15/L15))) -> 1.2 | T15: =パラメータ!$B$24*(1+パラメータ!$C$24)^(パラメータ!$D$24+INT((A15-1)/パラメータ!$E$24)) -> 0.09261 | U15: =IF(O15<パラメータ!$B$8,"リセット推奨","継続可能") -> 継続可能 | V15: =IF(B15="ボス","一般外殻＋回復コア","一般ガラス") -> 一般ガラス | W15: =ROUNDUP(J15/(パラメータ!$B$37^2),0) -> 17
... A53: 50 | B53: =IF(MOD(A53,パラメータ!$B$15)=0,"ボス","一般") -> ボス | C53: =パラメータ!$B$19*(1+パラメータ!$C$19)^(パラメータ!$D$19+INT((A53-1)/パラメータ!$E$19)) -> 2.5633042 | D53: =パラメータ!$B$20*(1+パラメータ!$C$20)^(パラメータ!$D$20+INT((A53-1)/パラメータ!$E$20)) -> 19.301247 | E53: =MIN(1,パラメータ!$B$21*(1+パラメータ!$C$21)^(パラメータ!$D$21+INT((A53-1)/パラメータ!$E$21))) -> 0.80235322 | F53: =0.5*C53*D53^2*E53 -> 383.095 | G53: =パラメータ!$B$22*(1+パラメータ!$C$22)^(パラメータ!$D$22+INT((A53-1)/パラメータ!$E$22)) -> 8.1311764 | H53: =パラメータ!$B$23+パラメータ!$C$23*(パラメータ!$D$23+INT((A53-1)/パラメータ!$E$23)) -> 5 | I53: =F53*G53*H53 -> 15575.065 | J53: =IF(B53="ボス",パラメータ!$B$13+パラメータ!$B$14,パラメータ!$B$12) -> 27 | K53: =パラメータ!$B$39 -> 1 | L53: =K53*(1+パラメータ!$B$9)^(A53-1)*IF(B53="ボス",パラメータ!$B$10,1) -> 8641.5714 | M53: =IF(B53="ボス",L53*パラメータ!$B$11,0) -> 1036.9886 | N53: =MAX(0,I53-M53) -> 14538.077 | O53: =F53/L53 -> 0.044331636 | P53: =J53*L53 -> 233322.43 | Q53: =IF(N53<=0,9999,P53/N53) -> 16.049058 | R53: =ROUNDUP(P53/MAX(F53,0.000001),0) -> 610 | S53: =MIN(パラメータ!$B$38,パラメータ!$B$38*SQRT(MAX(0,F53/L53))) -> 0.25266095 | T53: =パラメータ!$B$24*(1+パラメータ!$C$24)^(パラメータ!$D$24+INT((A53-1)/パラメータ!$E$24)) -> 0.17462997 | U53: =IF(O53<パラメータ!$B$8,"リセット推奨","継続可能") -> リセット推奨 | V53: =IF(B53="ボス","一般外殻＋回復コア","一般ガラス") -> 一般外殻＋回復コア | W53: =ROUNDUP(J53/(パラメータ!$B$37^2),0) -> 19

Sheet 強化一覧
A1: 成長要素一覧
A4: カテゴリ | B4: 表示名 | C4: ゲーム内効果 | D4: 曲線への反映 | E4: 現状 | F4: 備考
A5: 弾幕・破砕弾 | B5: 質量強化 | C5: 衝撃エネルギーを増加 | D5: E=0.5×質量×初速²×効率 | E5: 採用
A6: 弾幕・破砕弾 | B6: 初速強化 | C6: 衝撃エネルギーを二乗で増加 | D6: E=0.5×質量×初速²×効率 | E6: 採用 | F6: 影響が大きい
A7: 弾幕・破砕弾 | B7: クラック変換効率強化 | C7: 衝突エネルギーから亀裂への変換を改善 | D7: 効率は1.0を上限 | E7: 採用
A8: 弾幕・破砕弾 | B8: 発射レート強化 | C8: 秒間の攻撃回数を増加 | D8: 攻撃DPSへ反映 | E8: 採用
A9: 弾幕・破砕弾 | B9: 同時発射数強化 | C9: 同時に当たる弾数を増加 | D9: 攻撃DPSへ反映 | E9: 採用
A10: 弾幕・破砕弾 | B10: 縮小率強化 | C10: 破砕後の追加射撃による資源減少率 | D10: 資源化後の駆け引き指標 | E10: 採用 | F10: 強すぎるほど撃ち過ぎの損失増
A11: プレイヤー | B11: 最大耐久力強化 | C11: 最大HPを増加 | D11: 参考成長値 | E11: 採用 | F11: ゲームオーバー未実装
A12: プレイヤー | B12: 破壊靭性強化 | C12: プレイヤー側の割れにくさを増加 | D12: 参考成長値 | E12: 採用
A13: プレイヤー | B13: 当たり判定縮小 | C13: 被弾判定を縮小 | D13: 下限0.40 | E13: 採用
A14: プレイヤー | B14: 移動速度強化 | C14: 移動速度を増加 | D14: 参考成長値 | E14: 採用
A15: プレイヤー | B15: 自動回収範囲強化 | C15: 資源の自動回収半径を増加 | D15: 参考成長値 | E15: 採用
A16: プレイヤー | B16: 環境・重力強化 | C16: 環境干渉・重力効果を増加 | D16: 参考成長値 | E16: 採用
A17: ガラス | B17: 表面傷間隔 | C17: 表面傷の配置間隔 | D17: 推定表面傷数=面積÷間隔² | E17: 採用 | F17: 内部名 surfaceFlawMinimumSpacing
A18: ガラス | B18: 亀裂の最大の大きさ | C18: 亀裂が一度に広がる最大半径 | D18: 衝撃/防御比で最大値まで到達 | E18: 採用 | F18: 内部名 crackTipDetectionRadius
A19: ガラス | B19: 亀裂抵抗値 | C19: クラック形成への基礎抵抗 | D19: 敵防御力の基礎値 | E19: 採用 | F19: 内部名 baseFractureResistance

Sheet 説明
A1: モデルの読み方・現在の仮定
A4: 進行ルール
A5: ・5の倍数はボス、それ以外は一般ガラス。 ・一般ガラスは最低限の破砕→資源化のみ。 ・ボス1は一般外殻＋回復コアの2モジュール。回復量は敵防御力×回復率/秒。 ・ゲームオーバーは置かず、攻撃/防御比がしきい値未満ならリセット推奨。
A10: 主要計算式
A11: 衝撃エネルギー/発 | B11: 0.5 × 質量 × 初速² × クラック変換効率
A12: 攻撃DPS | B12: 衝撃エネルギー × 発射レート × 同時発射数
A13: 敵防御力 | B13: 亀裂抵抗値 × (1+一般成長率)^(stage-1) × ボス倍率
A14: 必要破砕エネルギー | B14: 最大面積 × 敵防御力
A15: 推定破砕秒 | B15: 必要破砕エネルギー ÷ (攻撃DPS－回復/秒)
A16: 亀裂最大サイズ | B16: 設定上限 × √(衝撃エネルギー÷敵防御力)、設定値を上限
A18: 表示上の言い換え
A19: surfaceFlawMinimumSpacing | B19: 表面傷間隔 | C19: 表面傷が配置される間隔
A20: crackTipDetectionRadius | B20: 亀裂の最大の大きさ | C20: 判定半径ではなく、表示上は亀裂が広がれる最大サイズ
A21: baseFractureResistance | B21: 亀裂抵抗値 | C21: クラック形成への抵抗
A23: 注意
A24: このブックは成長率の比較用です。青色の入力値を調整し、ボスで推定破砕秒が急増し過ぎないか、一般ステージで攻撃/防御比が落ち過ぎないかを確認してください。資源収入量と強化コストは未確定のため、現段階では時間・弾数・比率を代理指標にしています。
